Age,Health Score,Credit Score,P_Premium Amount,P_Annual Income,Not Claimed Before,Marital Status_Married,Education Level_Master's,Education Level_PhD,Occupation_Unemployed,Location_Rural,Policy Type_Premium,Property Type_Apartment,Property Type_Condo,Property Type_House
-1.6523818572259832,-0.24707596284192357,-1.4730093204108483,2868.9999999999995,0.407572494302441,0,1,0,0,0,0,1,0,0,1
-0.1724366933239885,-0.823063508472748,0.6739156209138288,1482.9999999999995,-0.44018663274104797,0,0,1,0,1,1,0,0,0,1
-1.3563928244455843,1.767010869793592,-0.253,566.9999999999998,-0.282949270968396,0,0,0,0,0,0,1,0,0,1
-1.5043873408357837,-1.202594745578417,-1.5063466642202377,764.9999999999999,-1.5471385276801113,0,1,0,0,0,1,0,1,0,0
-1.5043873408357837,-0.42921042425655215,0.03383861977355245,2022.0000000000005,-0.6059460958650389,0,0,0,0,0,1,1,0,0,1
